"PM0000037903","슬픈 세상의 기쁜 말 : 당신을 살아 있게 하는 말은 무엇입니까","정혜윤 지음","2021-04-21"
"PM0000037904","유창한 영어회화를 꼭 원하는 분. 1 Fluent English","강성구 지음","2023-01-28"
"PM0000037905","도둑맞은 뇌 : 뇌과학이 발견한 기억의 7가지 오류","대니얼 샥터 지음 ; 홍보람 옮김","2023-09-08"
"PM0000037906","홈 스위트 홈 : 이소호 시집","이소호 지음","2023-05-14"
"PM0000037907","(팬 하나로 다 되는)프랑스 가정식 오븐 요리","몰리 슈스터 지음 ; 레베나 주네 사진 ; 배혜정 옮김","2022-12-23"
"PM0000037908","뭘 해도 되는 운명 : 꿈을 현실로 바꾸는 힘","조 비테일 지음 ; 김문주 옮김","2022-11-10"
"PM0000037910","워드슬럿 : 젠더의 언어학","어맨다 몬텔 지음 ; 이민경 옮김","2022-11-10"
"PM0000037912","만들어진 붕괴 : 역사상 최악의 인플레이션 공격에서 당신의 돈을 지키는 법","데이비드 A. 스톡맨 지음 ; 한다해 옮김","2023-03-16"
"PM0000037915","(조이스박의)챗GPT 영어공부법","조이스 박 지음","2023-03-25"
"PM0000037918","부모라는 낯선 타인 : 나를 알기 위해 부모 공부를 시작합니다","양미영 지음","2023-05-01"
"PM0000037924","유연함의 힘 : 유연함으로 쓰는 새로운 성장 공식","수잔 애쉬포드 지음 ; 김정혜 옮김","2023-08-20"
"PM0000037925","썬데이 파더스 클럽 : 육아일기를 가장한 아빠들의 성장일기 = Sunday fathers club","강혁진 외 지음","2023-03-05"
"PM0000037930","가끔 집은 내가 되고 : 나를 숨 쉬게 하는 집","슛뚜 지음","2022-08-21"
"PM0000037937","전뇌사고 = Future mapping : 돈 되는 생각의 탄생","간다 마사노리 지음 ; 이선희 옮김","2023-01-31"
"PM0000037951","우리 본성의 악한 천사 : 스티븐 핑커의 역사 이론 및 폭력 이론에 대한 18가지 반박","필립 드와이어 마크 S. 마칼레 [공]엮음 ; 김영서 옮김","2023-04-09"
"PM0000037952","두 뇌 협력의 뇌과학 : 뇌와 마음 인간의 상호작용에 관한 유쾌한 탐구","우타 프리스 크리스 프리스 앨릭스 프리스 [공]지음 ; 대니얼 로크 그림 ; 정지인 옮김","2023-02-28"
"PM0000037955","국공내전 = 國共內戰 : 신중국과 대만의 탄생","이철의 지음","2023-03-12"
"PM0000037959","(팔로우)스페인·포르투칼 = Follow Spain Portugal","정꽃나래 정꽃보라 [공]지음","2023-02-09"
"PM0000037969","표정없는 검사의 분투 : 나카야마 시치리 장편소설","나카야마 시치리 지음 ; 문지원 옮김","2023-01-22"
"PM0000037974","고양이 식당 행복을 요리합니다","다카하시 유타 지음 ; 윤은혜 옮김","2023-05-01"
"PM0000037975","요괴어사 : 지옥에서 온 심판자 : 역사 판타지 소설","설민석 원더스 [공]지음","2023-02-26"
"PM0000037978","수치 : 방대하지만 단일하지 않은 성폭력의 역사","조애나 버크 지음 ; 송은주 옮김","2023-02-10"
"PM0000037986","포즈의 정리 : 그리고 싶은 자세와 움직임 이론으로 잡는다","시노후사 로쿠로 지음 ; 정상연 옮김","2023-04-12"
"PM0000037988","우리에게는 온기가 있기에 : 어쩌면 오늘도 마주하고 있을 사랑이라는 따뜻함 : 연그림 에세이","연그림 지음","2023-05-01"
"PM0000037989","형사 박미옥","박미옥 지음","2023-01-02"
"PM0000037991","책도둑 : 마커스 주삭 장편소설. 2","마커스 주삭 지음 ; 정영목 옮김","2008-10-30"
"PM0000037992","과일 길들이기의 역사 : 인류를 사로잡은 놀라운 과일 이야기","베른트 브루너 지음 ; 박경리 옮김","2022-09-22"
"PM0000037993","환경사란 무엇인가?","도널드 휴즈 지음 ; 최용찬 옮김","2022-08-09"
"PM0000037994","과학이 필요한 시간 : 빅뱅에서 다중우주로 가는 초광속·초밀착 길 안내서","궤도 지음","2022-12-10"
"PM0000037995","말의 트렌드 : 텐션과 사랑이 넘치는 요즘 말 탐구서","정유라 지음","2022-09-18"
